[
  {
    "dimension": {
      "f_135804_": "minecraft",
      "f_135805_": "overworld"
    },
    "id": "b66c3c11-3d62-46a7-be4e-9f060cf5c6c1",
    "ownerID": "d6096025-a1cc-3b70-b123-565d48bb516b",
    "pos": {
      "f_123285_": -405,
      "f_123286_": 66,
      "f_123289_": -230
    },
    "type": 0
  },
  {
    "dimension": {
      "f_135804_": "minecraft",
      "f_135805_": "overworld"
    },
    "id": "9ff32c3c-9c11-47e7-99aa-37fcc12979d0",
    "ownerID": "7c145a6e-94be-388c-9750-6f29d2000baf",
    "pos": {
      "f_123285_": -676,
      "f_123286_": 83,
      "f_123289_": 456
    },
    "type": 0
  },
  {
    "dimension": {
      "f_135804_": "minecraft",
      "f_135805_": "overworld"
    },
    "id": "ec12b7dd-1f6f-48c7-979c-0f962525e05e",
    "ownerID": "7c145a6e-94be-388c-9750-6f29d2000baf",
    "pos": {
      "f_123285_": -579,
      "f_123286_": 66,
      "f_123289_": 137
    },
    "type": 0
  },
  {
    "dimension": {
      "f_135804_": "minecraft",
      "f_135805_": "overworld"
    },
    "id": "fd1777ee-1ed0-4711-a5da-d4bc0564c705",
    "ownerID": "7c145a6e-94be-388c-9750-6f29d2000baf",
    "pos": {
      "f_123285_": -764,
      "f_123286_": 68,
      "f_123289_": 911
    },
    "type": 0
  },
  {
    "dimension": {
      "f_135804_": "minecraft",
      "f_135805_": "overworld"
    },
    "id": "bf7ebb0b-a14b-4134-b23b-dbbf632d1124",
    "ownerID": "7c145a6e-94be-388c-9750-6f29d2000baf",
    "pos": {
      "f_123285_": -691,
      "f_123286_": 70,
      "f_123289_": 385
    },
    "type": 0
  },
  {
    "dimension": {
      "f_135804_": "minecraft",
      "f_135805_": "overworld"
    },
    "id": "12d8bca4-ff3c-499e-b67c-7b0e4a2e9ad9",
    "ownerID": "7c145a6e-94be-388c-9750-6f29d2000baf",
    "pos": {
      "f_123285_": -748,
      "f_123286_": 55,
      "f_123289_": 832
    },
    "type": 0
  },
  {
    "dimension": {
      "f_135804_": "minecraft",
      "f_135805_": "overworld"
    },
    "id": "92d34b1e-c2a9-48f6-bf59-1cf8c055a905",
    "ownerID": "7c145a6e-94be-388c-9750-6f29d2000baf",
    "pos": {
      "f_123285_": -757,
      "f_123286_": 69,
      "f_123289_": 914
    },
    "type": 0
  }
]