{"stats":{"minecraft:used":{"minecraft:oak_log":1,"alexsmobs:animal_dictionary":1},"minecraft:picked_up":{"minecraft:oak_log":10},"minecraft:custom":{"minecraft:jump":25,"minecraft:time_since_rest":3895,"enigmaticlegacy:play_time_with_seven_curses":0,"minecraft:crouch_one_cm":197,"minecraft:leave_game":2,"minecraft:sprint_one_cm":6381,"minecraft:play_time":3895,"minecraft:time_since_death":3895,"minecraft:walk_one_cm":3377,"minecraft:sneak_time":62,"enigmaticlegacy:play_time_without_seven_curses":3895,"minecraft:total_world_time":3895,"minecraft:fly_one_cm":7742,"minecraft:horse_one_cm":664},"minecraft:mined":{"minecraft:oak_log":11}},"DataVersion":3120}