{"stats":{"minecraft:dropped":{"minecraft:sunflower":1,"waystones:mossy_waystone":1},"minecraft:killed":{"minecraft:horse":1,"minecraft:pig":4,"enemyexpansion:direwolf":1},"minecraft:used":{"minecraft:oak_log":1,"minecraft:apple":1,"minecraft:sunflower":1,"minecraft:orange_tulip":1,"minecraft:wooden_pickaxe":14,"minecraft:stone_axe":22,"supplementaries:ash":1,"minecraft:crafting_table":3,"minecraft:oak_sapling":2,"minecraft:porkchop":2,"alexsmobs:animal_dictionary":1},"minecraft:custom":{"minecraft:time_since_rest":20411,"enigmaticlegacy:play_time_with_seven_curses":0,"lootr:looted_stat":9,"minecraft:sprint_one_cm":49317,"minecraft:damage_taken":52,"minecraft:walk_one_cm":42279,"minecraft:mob_kills":6,"minecraft:drop":2,"minecraft:damage_dealt":1035,"enigmaticlegacy:play_time_without_seven_curses":20411,"minecraft:swim_one_cm":1883,"minecraft:interact_with_crafting_table":2,"minecraft:fly_one_cm":61930,"minecraft:crouch_one_cm":806,"minecraft:play_time":20411,"minecraft:sneak_time":389,"minecraft:walk_under_water_one_cm":684,"minecraft:jump":281,"minecraft:leave_game":3,"minecraft:time_since_death":20411,"minecraft:walk_on_water_one_cm":3196,"minecraft:climb_one_cm":3349,"minecraft:total_world_time":20411,"minecraft:fall_one_cm":5494,"minecraft:horse_one_cm":664},"minecraft:picked_up":{"minecraft:crafting_table":2,"forbidden_arcanus:aurum_log":5,"minecraft:porkchop":11,"minecraft:oak_log":22,"forbidden_arcanus:aurum_sapling":3,"minecraft:lantern":1,"minecraft:rotten_flesh":2,"minecraft:apple":1,"minecraft:orange_tulip":1,"minecraft:iron_pickaxe":1,"supplementaries:ash":1,"minecraft:oak_sapling":2,"twigs:twig":1,"minecraft:sugar_cane":5,"minecraft:cobblestone":14,"minecraft:sunflower":2},"minecraft:mined":{"forbidden_arcanus:aurum_log":5,"minecraft:orange_tulip":1,"minecraft:crafting_table":2,"minecraft:grass":10,"minecraft:oak_log":23,"forbidden_arcanus:aurum_leaves":1,"minecraft:sunflower":2,"minecraft:tall_grass":3,"minecraft:stone":14,"minecraft:sugar_cane":4,"minecraft:oak_leaves":2}},"DataVersion":3120}