{"stats":{"minecraft:dropped":{"minecraft:iron_ingot":2,"minecraft:wheat_seeds":2,"simplyswords:diamond_spear":1,"minecraft:glass_bottle":2,"minecraft:cobblestone":1,"undead_unleashed:grave_metal_scrap":5,"minecraft:spruce_stairs":1,"minecraft:chainmail_helmet":2,"minecraft:leather_helmet":2,"minecraft:item_frame":3,"minecraft:flint":1,"minecraft:stick":6,"origins:orb_of_origin":1,"minecraft:wooden_hoe":1,"minecraft:torch":1,"minecraft:cornflower":1,"savage_and_ravage:creeper_spores":3,"forbidden_arcanus:spawner_scrap":2,"minecraft:wooden_sword":4,"minecraft:iron_axe":1,"minecraft:dark_oak_planks":1,"twigs:twig":4,"minecraft:bone":22,"quark:ancient_tome":4,"minecraft:stone_axe":1,"minecraft:sweet_berries":4,"minecraft:oak_trapdoor":1,"simplyswords:iron_katana":2,"ars_nouveau:archwood_planks":1,"minecraft:stone_shovel":2,"minecraft:rotten_flesh":64,"minecraft:oak_planks":1,"minecraft:cooked_mutton":2,"patchouli:guide_book":1,"minecraft:chainmail_chestplate":1,"minecraft:leather_chestplate":2,"supplementaries:ash":7,"minecraft:flower_pot":1,"minecraft:gunpowder":2,"apotheosis:gem":4,"minecraft:wooden_pickaxe":1},"minecraft:killed_by":{"minecraft:enderman":3,"minecraft:skeleton":3,"minecraft:zombie":1,"enemyexpansion:invisicreeper":1,"takesapillage:clay_golem":1},"minecraft:mined":{"minecraft:dark_oak_planks":1,"minecraft:mossy_cobblestone":16,"ars_nouveau:green_archwood_leaves":2,"minecraft:dark_oak_log":24,"vinery:taiga_grape_bush_red":5,"minecraft:grass_block":7,"twigs:twig":3,"minecraft:coal_block":2,"ars_nouveau:bastion_pod":1,"minecraft:oak_pressure_plate":1,"minecraft:spruce_leaves":7,"ars_nouveau:frostaya_pod":1,"minecraft:spawner":6,"minecraft:large_fern":3,"minecraft:hay_block":11,"minecraft:iron_ore":3,"ars_nouveau:mendosteen_pod":1,"minecraft:andesite":3,"ars_nouveau:bombegranate_pod":1,"ars_nouveau:red_archwood_log":1,"minecraft:dirt_path":1,"minecraft:iron_bars":3,"minecraft:stone":19,"ars_nouveau:purple_archwood_log":4,"minecraft:green_bed":1,"twigs:pebble":2,"ars_nouveau:light_block":3,"minecraft:dandelion":1,"minecraft:crafting_table":2,"minecraft:torch":3,"delightful:pumpkin_pie":1,"minecraft:stone_slab":1,"woodworks:oak_chest":1,"minecraft:cobblestone":11,"minecraft:tall_grass":4,"minecraft:oak_planks":10,"minecraft:diorite":1,"minecraft:wall_torch":4,"byg:soapstone":1,"ars_nouveau:blue_archwood_log":16,"ars_nouveau:purple_archwood_leaves":8,"minecraft:birch_log":6,"minecraft:sweet_berry_bush":14,"minecraft:birch_leaves":1,"minecraft:stone_brick_stairs":1,"minecraft:grass":18,"minecraft:coal_ore":1,"minecraft:cyan_carpet":9,"minecraft:dirt":2,"minecraft:cobweb":5,"minecraft:cracked_stone_bricks":8,"minecraft:stone_bricks":7,"minecraft:fern":1},"minecraft:picked_up":{"iter_rpg:spawner_fragment":2,"ars_nouveau:red_archwood_log":1,"minecraft:iron_chestplate":1,"minecraft:crafting_table":3,"byg:soapstone":1,"minecraft:flower_pot":1,"minecraft:stone_slab":2,"enigmaticlegacy:lore_fragment":1,"ars_nouveau:bombegranate_pod":3,"minecraft:stone_brick_stairs":4,"minecraft:cornflower":1,"minecraft:string":5,"minecraft:oak_trapdoor":1,"minecraft:iron_axe":3,"minecraft:wooden_sword":4,"minecraft:item_frame":3,"woodworks:oak_chest":1,"minecraft:cyan_carpet":9,"minecraft:cracked_stone_bricks":7,"minecraft:gold_nugget":3,"twigs:pebble":2,"minecraft:beef":3,"minecraft:iron_pickaxe":2,"minecraft:spruce_slab":7,"minecraft:birch_sapling":2,"minecraft:phantom_membrane":1,"minecraft:raw_iron":3,"minecraft:stick":3,"apotheosis:gem":11,"minecraft:torch":9,"minecraft:green_bed":1,"minecraft:spruce_stairs":1,"ars_nouveau:purple_archwood_sapling":1,"ars_nouveau:blue_archwood_log":20,"minecraft:porkchop":8,"ars_nouveau:frostaya_pod":3,"minecraft:cookie":5,"minecraft:trident":1,"minecraft:dark_oak_planks":2,"minecraft:arrow":97,"minecraft:rotten_flesh":86,"minecraft:stone_shovel":2,"minecraft:hay_block":11,"supplementaries:ash":7,"minecraft:mutton":2,"forbidden_arcanus:spawner_scrap":7,"minecraft:cobblestone":5,"minecraft:stripped_oak_log":3,"minecraft:birch_log":6,"simplyswords:iron_katana":3,"minecraft:leather_chestplate":3,"delightful:animal_fat":5,"majruszsdifficulty:tattered_helmet":1,"savage_and_ravage:creeper_spores":3,"minecraft:oak_log":4,"minecraft:chainmail_chestplate":1,"minecraft:gunpowder":2,"minecraft:cobblestone_stairs":1,"minecraft:wooden_hoe":1,"minecraft:dirt":7,"minecraft:leather_boots":1,"quark:blank_rune":2,"minecraft:cooked_mutton":2,"minecraft:bone":27,"minecraft:stone_bricks":1,"minecraft:wheat_seeds":8,"minecraft:stone_pickaxe":1,"undead_unleashed:grave_metal_boots":1,"minecraft:glass_bottle":3,"twigs:twig":4,"iter_rpg:deepslate_geode":1,"minecraft:iron_sword":1,"minecraft:oak_planks":14,"enemyexpansion:phantom_eye":1,"minecraft:sweet_berries":45,"patchouli:guide_book":1,"vinery:taiga_grape_seeds_red":10,"minecraft:dandelion":1,"undead_unleashed:grave_metal_leggings":1,"ars_nouveau:bastion_pod":3,"undead_unleashed:grave_metal_scrap":23,"minecraft:spruce_sapling":6,"minecraft:lily_of_the_valley":1,"minecraft:dark_oak_log":24,"minecraft:mossy_cobblestone":11,"minecraft:leather_helmet":2,"simplyswords:diamond_spear":1,"forbidden_arcanus:ender_pearl_fragment":1,"minecraft:spruce_boat":2,"minecraft:gray_wool":1,"minecraft:chainmail_helmet":2,"minecraft:emerald":4,"minecraft:coal":14,"minecraft:ender_pearl":1},"minecraft:used":{"minecraft:trident":13,"minecraft:iron_bars":2,"woodworks:oak_chest":2,"minecraft:iron_sword":216,"minecraft:stick":1,"minecraft:torch":29,"minecraft:dirt":7,"farmersdelight:flint_knife":30,"minecraft:lily_of_the_valley":1,"ars_nouveau:bastion_pod":2,"simplyswords:iron_katana":702,"vinery:taiga_grape_seeds_red":1,"minecraft:spruce_boat":8,"minecraft:dark_oak_planks":5,"ars_nouveau:frostaya_pod":4,"minecraft:iron_axe":112,"minecraft:birch_sapling":2,"minecraft:iron_helmet":4,"minecraft:stone_brick_stairs":2,"immersive_armors:robe_leggings":4,"minecraft:beef":3,"minecraft:sweet_berries":57,"minecraft:cooked_beef":10,"minecraft:stone_pickaxe":78,"minecraft:baked_potato":1,"minecraft:oak_planks":26,"minecraft:wooden_pickaxe":17,"minecraft:leather_chestplate":4,"minecraft:cracked_stone_bricks":2,"minecraft:cookie":4,"minecraft:mossy_cobblestone":9,"minecraft:crafting_table":6,"ars_nouveau:blue_archwood_log":20,"simplyswords:diamond_spear":90,"majruszsdifficulty:tattered_boots":3,"ars_nouveau:purple_archwood_sapling":1,"minecraft:dark_oak_log":22,"minecraft:bread":18,"minecraft:iron_pickaxe":2,"byg:soapstone":2,"minecraft:spruce_sapling":6,"minecraft:stone_axe":30,"minecraft:cobblestone":1,"minecraft:porkchop":8,"minecraft:cobweb":6},"minecraft:crafted":{"minecraft:dark_oak_planks":20,"minecraft:iron_ingot":6},"minecraft:broken":{"majruszsdifficulty:tattered_boots":1,"minecraft:iron_chestplate":1,"simplyswords:iron_katana":2},"minecraft:custom":{"enigmaticlegacy:play_time_with_seven_curses":177345,"lootr:looted_stat":31,"minecraft:mob_kills":88,"minecraft:interact_with_crafting_table":23,"goblintraders:trade_with_goblin":3,"minecraft:damage_dealt_resisted":0,"minecraft:eat_cake_slice":12,"minecraft:leave_game":4,"minecraft:time_since_death":8253,"minecraft:climb_one_cm":11550,"minecraft:damage_resisted":0,"minecraft:sprint_one_cm":683523,"minecraft:walk_one_cm":1003203,"minecraft:drop":121,"minecraft:talked_to_villager":5,"minecraft:play_time":301371,"minecraft:deaths":9,"minecraft:sneak_time":13324,"minecraft:walk_under_water_one_cm":10623,"minecraft:jump":3271,"minecraft:walk_on_water_one_cm":23559,"minecraft:total_world_time":301371,"minecraft:interact_with_furnace":8,"enigmaticlegacy:play_time_without_seven_curses":123707,"minecraft:pot_flower":1,"minecraft:sleep_in_bed":6,"minecraft:time_since_rest":8283,"minecraft:damage_taken":5317,"minecraft:damage_absorbed":115,"minecraft:damage_dealt":32108,"minecraft:swim_one_cm":25995,"minecraft:fly_one_cm":695244,"minecraft:player_kills":3,"minecraft:open_chest":36,"minecraft:crouch_one_cm":40898,"minecraft:interact_with_smoker":4,"minecraft:fall_one_cm":68781},"minecraft:killed":{"minecraft:phantom":1,"minecraft:skeleton":16,"vinery:mule":1,"minecraft:bee":2,"minecraft:wolf":4,"minecraft:husk":1,"minecraft:pig":4,"majruszsdifficulty:cursed_armor":3,"minecraft:sheep":1,"minecraft:pillager":1,"minecraft:zombie":29,"enemyexpansion:botfly":13,"undead_unleashed:haunter":1,"minecraft:enderman":1,"minecraft:cow":1}},"DataVersion":3120}