{"stats":{"minecraft:mined":{"twigs:pebble":1,"ars_nouveau:blue_archwood_log":7,"minecraft:sweet_berry_bush":14,"minecraft:birch_log":6,"ars_nouveau:light_block":3,"minecraft:dark_oak_log":24,"minecraft:birch_leaves":1,"minecraft:dandelion":1,"ars_nouveau:bombegranate_pod":1,"minecraft:grass":1,"vinery:taiga_grape_bush_red":4,"ars_nouveau:red_archwood_log":1,"minecraft:cyan_carpet":9,"twigs:twig":3,"ars_nouveau:frostaya_pod":1,"minecraft:fern":1},"minecraft:killed":{"minecraft:pig":4,"minecraft:cow":1},"minecraft:picked_up":{"minecraft:birch_log":6,"ars_nouveau:red_archwood_log":1,"apotheosis:gem":4,"minecraft:sweet_berries":31,"vinery:taiga_grape_seeds_red":10,"minecraft:dandelion":1,"ars_nouveau:blue_archwood_log":7,"minecraft:porkchop":8,"ars_nouveau:bombegranate_pod":3,"ars_nouveau:frostaya_pod":3,"minecraft:spruce_sapling":6,"minecraft:dark_oak_log":24,"minecraft:cyan_carpet":9,"twigs:pebble":1,"minecraft:beef":3,"twigs:twig":4,"minecraft:birch_sapling":2},"minecraft:dropped":{"apotheosis:gem":4},"minecraft:used":{"minecraft:birch_sapling":2,"minecraft:spruce_sapling":6,"minecraft:beef":3,"minecraft:sweet_berries":3,"minecraft:porkchop":8,"vinery:taiga_grape_seeds_red":1},"minecraft:custom":{"minecraft:time_since_rest":22952,"enigmaticlegacy:play_time_with_seven_curses":0,"minecraft:sprint_one_cm":66900,"minecraft:damage_taken":342,"minecraft:walk_one_cm":66475,"minecraft:mob_kills":6,"minecraft:drop":4,"minecraft:damage_dealt":595,"enigmaticlegacy:play_time_without_seven_curses":22952,"minecraft:fly_one_cm":56219,"minecraft:crouch_one_cm":7173,"minecraft:play_time":22952,"minecraft:sneak_time":1506,"minecraft:jump":332,"minecraft:leave_game":1,"minecraft:time_since_death":22952,"minecraft:total_world_time":22952,"minecraft:fall_one_cm":7546}},"DataVersion":3120}