{"stats":{"minecraft:custom":{"minecraft:jump":24,"minecraft:time_since_rest":2495,"enigmaticlegacy:play_time_with_seven_curses":0,"minecraft:leave_game":1,"minecraft:crouch_one_cm":197,"minecraft:sprint_one_cm":5633,"minecraft:play_time":2495,"minecraft:time_since_death":2495,"minecraft:walk_one_cm":3235,"minecraft:sneak_time":62,"enigmaticlegacy:play_time_without_seven_curses":2495,"minecraft:total_world_time":2495,"minecraft:fly_one_cm":7666,"minecraft:horse_one_cm":664},"minecraft:used":{"minecraft:oak_log":1,"alexsmobs:animal_dictionary":1},"minecraft:picked_up":{"minecraft:oak_log":10},"minecraft:mined":{"minecraft:oak_log":11}},"DataVersion":3120}