{"stats":{"minecraft:used":{"minecraft:trident":13,"woodworks:oak_chest":2,"minecraft:iron_sword":214,"minecraft:stick":1,"minecraft:torch":14,"minecraft:dirt":7,"farmersdelight:flint_knife":30,"minecraft:lily_of_the_valley":1,"ars_nouveau:bastion_pod":2,"simplyswords:iron_katana":500,"vinery:taiga_grape_seeds_red":1,"minecraft:dark_oak_planks":3,"ars_nouveau:frostaya_pod":4,"minecraft:iron_axe":111,"minecraft:birch_sapling":2,"minecraft:iron_helmet":3,"minecraft:stone_brick_stairs":2,"immersive_armors:robe_leggings":3,"minecraft:beef":3,"minecraft:sweet_berries":57,"minecraft:cooked_beef":10,"minecraft:stone_pickaxe":47,"minecraft:oak_planks":18,"minecraft:wooden_pickaxe":17,"minecraft:leather_chestplate":3,"minecraft:cracked_stone_bricks":1,"minecraft:cookie":4,"minecraft:mossy_cobblestone":9,"minecraft:crafting_table":5,"ars_nouveau:blue_archwood_log":20,"simplyswords:diamond_spear":90,"majruszsdifficulty:tattered_boots":3,"ars_nouveau:purple_archwood_sapling":1,"minecraft:bread":8,"minecraft:iron_pickaxe":2,"minecraft:spruce_sapling":6,"minecraft:stone_axe":30,"minecraft:porkchop":8,"minecraft:cobweb":1},"minecraft:killed":{"minecraft:phantom":1,"minecraft:skeleton":13,"vinery:mule":1,"minecraft:bee":2,"minecraft:wolf":4,"minecraft:husk":1,"minecraft:pig":4,"majruszsdifficulty:cursed_armor":2,"minecraft:sheep":1,"minecraft:pillager":1,"minecraft:zombie":28,"enemyexpansion:botfly":13,"undead_unleashed:haunter":1,"minecraft:cow":1},"minecraft:picked_up":{"iter_rpg:spawner_fragment":1,"ars_nouveau:red_archwood_log":1,"minecraft:crafting_table":3,"minecraft:flower_pot":1,"minecraft:stone_slab":2,"enigmaticlegacy:lore_fragment":1,"ars_nouveau:bombegranate_pod":3,"minecraft:stone_brick_stairs":4,"minecraft:cornflower":1,"minecraft:oak_trapdoor":1,"minecraft:iron_axe":3,"minecraft:wooden_sword":4,"minecraft:item_frame":3,"woodworks:oak_chest":1,"minecraft:cyan_carpet":9,"minecraft:cracked_stone_bricks":6,"minecraft:gold_nugget":3,"twigs:pebble":2,"minecraft:beef":3,"minecraft:iron_pickaxe":2,"minecraft:spruce_slab":7,"minecraft:birch_sapling":2,"minecraft:phantom_membrane":1,"minecraft:stick":3,"apotheosis:gem":10,"minecraft:torch":5,"minecraft:green_bed":1,"ars_nouveau:purple_archwood_sapling":1,"minecraft:spruce_stairs":1,"ars_nouveau:blue_archwood_log":20,"minecraft:porkchop":8,"ars_nouveau:frostaya_pod":3,"minecraft:cookie":5,"minecraft:trident":1,"minecraft:dark_oak_planks":1,"minecraft:arrow":42,"minecraft:rotten_flesh":83,"minecraft:stone_shovel":2,"minecraft:hay_block":11,"supplementaries:ash":7,"minecraft:mutton":2,"forbidden_arcanus:spawner_scrap":5,"minecraft:cobblestone":3,"minecraft:stripped_oak_log":3,"minecraft:birch_log":6,"simplyswords:iron_katana":3,"minecraft:leather_chestplate":3,"delightful:animal_fat":5,"majruszsdifficulty:tattered_helmet":1,"savage_and_ravage:creeper_spores":3,"minecraft:oak_log":4,"minecraft:chainmail_chestplate":1,"minecraft:gunpowder":2,"minecraft:cobblestone_stairs":1,"minecraft:wooden_hoe":1,"minecraft:dirt":7,"quark:blank_rune":2,"minecraft:cooked_mutton":2,"minecraft:bone":22,"minecraft:stone_bricks":1,"minecraft:wheat_seeds":8,"minecraft:stone_pickaxe":1,"twigs:twig":4,"minecraft:iron_sword":1,"minecraft:oak_planks":6,"enemyexpansion:phantom_eye":1,"minecraft:sweet_berries":45,"patchouli:guide_book":1,"vinery:taiga_grape_seeds_red":10,"minecraft:dandelion":1,"ars_nouveau:bastion_pod":3,"undead_unleashed:grave_metal_scrap":16,"minecraft:spruce_sapling":6,"minecraft:lily_of_the_valley":1,"minecraft:dark_oak_log":24,"minecraft:mossy_cobblestone":11,"minecraft:leather_helmet":2,"simplyswords:diamond_spear":1,"minecraft:gray_wool":1,"minecraft:chainmail_helmet":2,"minecraft:emerald":4,"minecraft:coal":12},"minecraft:custom":{"enigmaticlegacy:play_time_with_seven_curses":78173,"lootr:looted_stat":26,"minecraft:mob_kills":82,"minecraft:interact_with_crafting_table":14,"minecraft:damage_dealt_resisted":0,"minecraft:eat_cake_slice":5,"minecraft:leave_game":4,"minecraft:time_since_death":6072,"minecraft:climb_one_cm":10194,"minecraft:sprint_one_cm":516217,"minecraft:walk_one_cm":665804,"minecraft:drop":113,"minecraft:talked_to_villager":5,"minecraft:play_time":201992,"minecraft:deaths":3,"minecraft:sneak_time":9371,"minecraft:walk_under_water_one_cm":5977,"minecraft:jump":2567,"minecraft:walk_on_water_one_cm":12586,"minecraft:total_world_time":201992,"minecraft:interact_with_furnace":5,"enigmaticlegacy:play_time_without_seven_curses":123707,"minecraft:pot_flower":1,"minecraft:sleep_in_bed":6,"minecraft:time_since_rest":6112,"minecraft:damage_taken":2390,"minecraft:damage_absorbed":115,"minecraft:damage_dealt":28678,"minecraft:swim_one_cm":25995,"minecraft:fly_one_cm":442109,"minecraft:player_kills":1,"minecraft:open_chest":31,"minecraft:crouch_one_cm":26038,"minecraft:interact_with_smoker":2,"minecraft:fall_one_cm":60216},"minecraft:crafted":{"minecraft:dark_oak_planks":20},"minecraft:killed_by":{"minecraft:skeleton":1,"enemyexpansion:invisicreeper":1,"takesapillage:clay_golem":1},"minecraft:dropped":{"minecraft:iron_ingot":2,"minecraft:wheat_seeds":2,"simplyswords:diamond_spear":1,"undead_unleashed:grave_metal_scrap":5,"minecraft:spruce_stairs":1,"minecraft:chainmail_helmet":2,"minecraft:leather_helmet":2,"minecraft:item_frame":3,"minecraft:stick":6,"minecraft:flint":1,"origins:orb_of_origin":1,"minecraft:wooden_hoe":1,"minecraft:torch":1,"minecraft:cornflower":1,"savage_and_ravage:creeper_spores":3,"forbidden_arcanus:spawner_scrap":2,"minecraft:wooden_sword":4,"minecraft:iron_axe":1,"twigs:twig":4,"minecraft:bone":22,"quark:ancient_tome":4,"minecraft:stone_axe":1,"minecraft:sweet_berries":4,"simplyswords:iron_katana":2,"ars_nouveau:archwood_planks":1,"minecraft:stone_shovel":2,"minecraft:rotten_flesh":61,"minecraft:cooked_mutton":2,"patchouli:guide_book":1,"minecraft:chainmail_chestplate":1,"minecraft:leather_chestplate":2,"supplementaries:ash":6,"minecraft:flower_pot":1,"minecraft:gunpowder":2,"apotheosis:gem":4,"minecraft:wooden_pickaxe":1},"minecraft:mined":{"minecraft:dark_oak_planks":1,"minecraft:mossy_cobblestone":12,"ars_nouveau:green_archwood_leaves":2,"minecraft:dark_oak_log":24,"vinery:taiga_grape_bush_red":5,"minecraft:grass_block":6,"twigs:twig":3,"ars_nouveau:bastion_pod":1,"minecraft:coal_block":2,"minecraft:oak_pressure_plate":1,"minecraft:spruce_leaves":7,"ars_nouveau:frostaya_pod":1,"minecraft:spawner":4,"minecraft:large_fern":3,"minecraft:hay_block":11,"ars_nouveau:mendosteen_pod":1,"minecraft:andesite":3,"ars_nouveau:bombegranate_pod":1,"ars_nouveau:red_archwood_log":1,"minecraft:dirt_path":1,"minecraft:iron_bars":3,"minecraft:stone":7,"ars_nouveau:purple_archwood_log":4,"minecraft:green_bed":1,"twigs:pebble":2,"ars_nouveau:light_block":3,"minecraft:dandelion":1,"minecraft:crafting_table":2,"minecraft:torch":1,"minecraft:stone_slab":1,"woodworks:oak_chest":1,"minecraft:cobblestone":10,"minecraft:tall_grass":4,"minecraft:oak_planks":2,"minecraft:wall_torch":1,"ars_nouveau:blue_archwood_log":16,"ars_nouveau:purple_archwood_leaves":8,"minecraft:birch_log":6,"minecraft:sweet_berry_bush":14,"minecraft:birch_leaves":1,"minecraft:stone_brick_stairs":1,"minecraft:grass":18,"minecraft:cyan_carpet":9,"minecraft:dirt":2,"minecraft:cracked_stone_bricks":6,"minecraft:stone_bricks":5,"minecraft:fern":1},"minecraft:broken":{"simplyswords:iron_katana":2}},"DataVersion":3120}