{"stats":{"minecraft:used":{"minecraft:oak_fence":3,"minecraft:iron_bars":3,"minecraft:spruce_planks":5,"minecraft:shield":17,"minecraft:iron_sword":12,"minecraft:smooth_sandstone_stairs":1,"minecraft:iron_chestplate":7,"minecraft:torch":8,"minecraft:carrot":2,"minecraft:jungle_slab":1,"vinery:taiga_grape_seeds_red":3,"minecraft:wooden_axe":22,"simplyswords:gold_scythe":32,"minecraft:iron_axe":21,"minecraft:iron_helmet":5,"minecraft:stone_bricks":1,"minecraft:bow":1,"minecraft:egg":2,"farmersdelight:potato_crate":1,"minecraft:cooked_mutton":2,"minecraft:leather_leggings":4,"minecraft:stone_pickaxe":12,"minecraft:oak_planks":72,"minecraft:wooden_pickaxe":27,"bakery:sandwich":2,"minecraft:crafting_table":2,"simplyswords:diamond_spear":148,"minecraft:crossbow":2,"minecraft:apple":12,"minecraft:bread":24,"minecraft:cobblestone":1,"minecraft:potion":2,"minecraft:chainmail_boots":6,"alexsmobs:animal_dictionary":2,"minecraft:cobweb":4},"minecraft:killed":{"alexsmobs:raccoon":2,"enemyexpansion:direwolf":1,"minecraft:phantom":3,"humancompanions:axeguard":1,"minecraft:pig":1,"minecraft:sheep":1,"minecraft:pillager":4,"minecraft:zombie":6,"enemyexpansion:botfly":3},"minecraft:picked_up":{"iter_rpg:spawner_fragment":3,"majruszsdifficulty:tattered_boots":1,"minecraft:crafting_table":1,"minecraft:wheat":1,"minecraft:leather_leggings":2,"minecraft:lead":7,"bakery:strawberry_seeds":4,"ars_nouveau:archwood_planks":1,"minecraft:string":31,"minecraft:red_bed":1,"minecraft:iron_axe":4,"minecraft:item_frame":1,"minecraft:cracked_stone_bricks":1,"minecraft:gold_nugget":29,"minecraft:spruce_planks":7,"minecraft:spruce_slab":2,"minecraft:lectern":1,"minecraft:coal_block":14,"minecraft:phantom_membrane":2,"minecraft:stick":7,"farmersdelight:potato_crate":1,"apotheosis:gem":9,"minecraft:torch":93,"minecraft:spruce_stairs":1,"minecraft:porkchop":2,"origins:orb_of_origin":1,"quark:ancient_tome":4,"minecraft:tnt":6,"minecraft:arrow":20,"minecraft:rotten_flesh":12,"minecraft:stone_shovel":1,"supplementaries:ash":10,"minecraft:iron_bars":5,"forbidden_arcanus:spawner_scrap":14,"minecraft:cobblestone":1,"minecraft:leather_chestplate":4,"minecraft:feather":2,"minecraft:flint":1,"minecraft:smooth_sandstone_stairs":2,"minecraft:chainmail_chestplate":4,"minecraft:wooden_hoe":1,"minecraft:dirt":1,"minecraft:name_tag":1,"minecraft:cooked_mutton":2,"minecraft:bone":112,"minecraft:apple":1,"minecraft:stone_bricks":1,"minecraft:bow":4,"minecraft:stone_pickaxe":4,"twigs:twig":4,"minecraft:iron_sword":5,"minecraft:oak_planks":164,"minecraft:book":6,"enemyexpansion:phantom_eye":1,"quark:red_corundum_cluster":2,"patchouli:guide_book":1,"vinery:taiga_grape_seeds_red":3,"undead_unleashed:grave_metal_scrap":1,"minecraft:ink_sac":6,"minecraft:spruce_log":7,"minecraft:jungle_slab":1,"quark:red_corundum":1,"minecraft:leather_helmet":1,"simplyswords:diamond_spear":8,"minecraft:slime_ball":2,"minecraft:stone_axe":1,"minecraft:writable_book":1,"minecraft:iron_helmet":1,"minecraft:crossbow":1,"minecraft:gray_wool":1,"minecraft:chainmail_helmet":4,"minecraft:emerald":10,"minecraft:bread":92,"minecraft:dark_oak_fence":10,"majruszsdifficulty:tattered_chestplate":1,"minecraft:wooden_axe":3},"minecraft:custom":{"enigmaticlegacy:play_time_with_seven_curses":207715,"lootr:looted_stat":29,"minecraft:interact_with_anvil":2,"minecraft:mob_kills":17,"minecraft:interact_with_crafting_table":19,"minecraft:damage_dealt_resisted":0,"minecraft:eat_cake_slice":3,"minecraft:leave_game":8,"minecraft:time_since_death":12708,"minecraft:damage_resisted":0,"minecraft:climb_one_cm":16257,"minecraft:sprint_one_cm":72604,"minecraft:walk_one_cm":1223951,"minecraft:damage_blocked_by_shield":459,"minecraft:drop":51,"minecraft:talked_to_villager":19,"minecraft:play_time":212505,"minecraft:deaths":25,"minecraft:sneak_time":1663,"minecraft:walk_under_water_one_cm":12675,"minecraft:jump":1008,"minecraft:interact_with_brewingstand":1,"minecraft:walk_on_water_one_cm":10723,"minecraft:total_world_time":212505,"minecraft:interact_with_furnace":7,"enigmaticlegacy:play_time_without_seven_curses":2387,"minecraft:interact_with_stonecutter":1,"minecraft:sleep_in_bed":9,"minecraft:time_since_rest":0,"minecraft:waystone_activated":5,"minecraft:damage_taken":10421,"minecraft:damage_dealt":6152,"minecraft:fly_one_cm":374293,"minecraft:open_chest":19,"minecraft:crouch_one_cm":5022,"minecraft:aviate_one_cm":3149796,"minecraft:interact_with_smoker":2,"minecraft:fall_one_cm":132521},"minecraft:crafted":{"minecraft:iron_nugget":135,"minecraft:spruce_planks":28,"minecraft:gold_nugget":63,"minecraft:iron_ingot":10,"minecraft:gold_ingot":6},"minecraft:killed_by":{"humancompanions:axeguard":1,"minecraft:player":1,"minecraft:zombified_piglin":4,"minecraft:creeper":1,"minecraft:pillager":2,"minecraft:iron_golem":1,"enemyexpansion:equestrian":2,"mutantmonsters:mutant_skeleton":1,"minecraft:skeleton":8,"minecraft:zombie":1,"majruszsdifficulty:cursed_armor":2},"minecraft:dropped":{"farmersdelight:iron_knife":1,"minecraft:iron_sword":1,"minecraft:tnt":6,"minecraft:glass_bottle":1,"minecraft:cracked_stone_bricks":1,"undead_unleashed:grave_metal_scrap":1,"minecraft:spruce_stairs":1,"minecraft:chainmail_helmet":3,"minecraft:coal":12,"minecraft:item_frame":1,"minecraft:stick":7,"minecraft:gray_wool":1,"minecraft:wooden_hoe":1,"minecraft:ink_sac":12,"bakery:strawberry_seeds":3,"minecraft:dark_oak_fence":2,"minecraft:torch":1,"minecraft:wooden_axe":1,"majruszsdifficulty:tattered_boots":1,"minecraft:gold_nugget":10,"majruszsdifficulty:tattered_leggings":1,"majruszsdifficulty:tattered_chestplate":1,"minecraft:smooth_sandstone_stairs":1,"minecraft:stone_shovel":1,"farmersdelight:potato_crate":1,"minecraft:rotten_flesh":5,"minecraft:cooked_mutton":2,"minecraft:chainmail_chestplate":3,"minecraft:leather_chestplate":2,"supplementaries:ash":2,"minecraft:spruce_planks":4,"quark:blank_rune":2,"apotheosis:gem":1,"minecraft:spruce_slab":2,"minecraft:slime_ball":2},"minecraft:mined":{"quark:red_corundum":1,"minecraft:spruce_planks":7,"minecraft:glow_lichen":1,"minecraft:dark_oak_fence":2,"vinery:taiga_grape_bush_red":3,"minecraft:grass_block":1,"minecraft:coal_block":12,"minecraft:spruce_leaves":3,"minecraft:spawner":2,"minecraft:bookshelf":2,"bakery:strawberry_taiga":1,"minecraft:vine":3,"minecraft:iron_bars":3,"minecraft:stone":1,"minecraft:cake":1,"minecraft:spruce_slab":1,"quark:red_corundum_cluster":2,"minecraft:glass_pane":1,"minecraft:red_bed":1,"ars_nouveau:light_block":5,"minecraft:crafting_table":2,"minecraft:torch":3,"minecraft:white_stained_glass_pane":1,"minecraft:lectern":1,"supplementaries:wild_flax":1,"minecraft:oak_planks":6,"minecraft:wall_torch":3,"minecraft:gray_wool":1,"minecraft:sweet_berry_bush":1,"minecraft:spruce_log":7,"minecraft:birch_leaves":1,"minecraft:grass":1,"minecraft:cobweb":5,"minecraft:cracked_stone_bricks":1,"minecraft:stone_bricks":3,"minecraft:oak_leaves":8,"minecraft:redstone_lamp":1},"minecraft:broken":{"minecraft:leather_leggings":2,"simplyswords:gold_scythe":1,"minecraft:iron_helmet":1}},"DataVersion":3120}