{"stats":{"minecraft:mined":{"quark:red_corundum":1,"vinery:taiga_grape_bush_red":3,"supplementaries:wild_flax":1,"ars_nouveau:light_block":5,"minecraft:spruce_log":7,"minecraft:spruce_leaves":3,"minecraft:crafting_table":1,"quark:red_corundum_cluster":2},"minecraft:killed":{"alexsmobs:raccoon":2},"minecraft:picked_up":{"minecraft:crafting_table":1,"apotheosis:gem":4,"quark:red_corundum_cluster":2,"vinery:taiga_grape_seeds_red":3,"minecraft:spruce_log":7,"quark:red_corundum":1},"minecraft:used":{"minecraft:wooden_axe":3,"minecraft:crafting_table":1,"minecraft:wooden_pickaxe":11,"vinery:taiga_grape_seeds_red":3},"minecraft:custom":{"minecraft:time_since_rest":14236,"enigmaticlegacy:play_time_with_seven_curses":11849,"minecraft:crouch_one_cm":408,"minecraft:play_time":14236,"minecraft:sprint_one_cm":5686,"minecraft:damage_taken":150,"minecraft:walk_one_cm":114936,"minecraft:sneak_time":67,"minecraft:mob_kills":1,"minecraft:jump":167,"minecraft:damage_dealt":227,"minecraft:leave_game":1,"minecraft:time_since_death":14236,"minecraft:walk_on_water_one_cm":1093,"minecraft:total_world_time":14236,"enigmaticlegacy:play_time_without_seven_curses":2387,"minecraft:interact_with_crafting_table":1,"minecraft:fall_one_cm":9350,"minecraft:fly_one_cm":4852},"minecraft:crafted":{"minecraft:spruce_planks":28}},"DataVersion":3120}