{"stats":{"minecraft:custom":{"minecraft:jump":30,"minecraft:time_since_rest":3349,"enigmaticlegacy:play_time_with_seven_curses":770,"minecraft:walk_on_water_one_cm":4830,"minecraft:leave_game":2,"minecraft:sprint_one_cm":3021,"minecraft:play_time":3349,"minecraft:damage_taken":80,"minecraft:time_since_death":3349,"minecraft:walk_one_cm":9629,"enigmaticlegacy:play_time_without_seven_curses":2579,"minecraft:total_world_time":3349,"minecraft:fall_one_cm":1078,"minecraft:fly_one_cm":3296}},"DataVersion":3120}