{"stats":{"minecraft:used":{"minecraft:water_bucket":1,"minecraft:polished_andesite":2,"minecraft:stone_pickaxe":25,"minecraft:oak_planks":83,"minecraft:shield":3,"minecraft:wooden_pickaxe":26,"farmersdelight:cabbage":1,"minecraft:cooked_chicken":2,"minecraft:torch":9,"minecraft:mossy_cobblestone":1,"minecraft:crafting_table":2,"simplyswords:iron_katana":43,"supplementaries:bomb":3,"minecraft:wooden_axe":12,"minecraft:apple":1,"minecraft:bread":7,"minecraft:stone_axe":39,"supplementaries:bomb_blue":1,"minecraft:cobblestone":3,"minecraft:potion":1,"minecraft:bucket":1,"minecraft:cooked_beef":1},"minecraft:killed":{"minecraft:pig":1,"minecraft:iron_golem":1,"minecraft:spider":1,"takesapillage:clay_golem":2,"minecraft:enderman":1},"minecraft:picked_up":{"majruszsdifficulty:tattered_boots":1,"minecraft:allium":2,"minecraft:crafting_table":1,"minecraft:leather_chestplate":1,"minecraft:cooked_beef":1,"minecraft:clay_ball":4,"minecraft:water_bucket":4,"minecraft:stone_slab":4,"minecraft:filled_map":1,"minecraft:enchanted_book":2,"minecraft:shield":2,"minecraft:dirt":1,"minecraft:string":10,"minecraft:lantern":9,"supplementaries:wrench":4,"minecraft:cracked_stone_bricks":1,"farmersdelight:cabbage":1,"minecraft:dark_prismarine_stairs":4,"quark:permafrost":2,"minecraft:stone_pickaxe":5,"minecraft:iron_ingot":20,"minecraft:poppy":8,"minecraft:iron_pickaxe":2,"minecraft:spruce_slab":1,"minecraft:glass_bottle":1,"minecraft:polished_andesite_slab":4,"minecraft:oak_planks":109,"farmersdelight:cabbage_seeds":2,"minecraft:stick":3,"apotheosis:gem":1,"minecraft:smooth_basalt":5,"minecraft:torch":3,"minecraft:spruce_fence":1,"minecraft:porkchop":3,"ars_elemental:yellow_archwood_log":9,"minecraft:grass_block":1,"minecraft:spider_eye":1,"minecraft:mossy_cobblestone":3,"forbidden_arcanus:ender_pearl_fragment":1,"minecraft:polished_andesite":4,"minecraft:stone_axe":3,"minecraft:iron_helmet":1,"minecraft:hay_block":19,"minecraft:crossbow":5,"minecraft:bread":196,"minecraft:oak_sapling":1,"forbidden_arcanus:spawner_scrap":1,"minecraft:cobblestone":24,"minecraft:ender_pearl":2},"minecraft:custom":{"enigmaticlegacy:play_time_with_seven_curses":72528,"lootr:looted_stat":40,"minecraft:mob_kills":10,"enigmaticlegacy:play_time_without_seven_curses":13899,"minecraft:interact_with_crafting_table":7,"minecraft:open_barrel":8,"minecraft:damage_dealt_resisted":37,"minecraft:leave_game":1,"minecraft:time_since_death":4345,"minecraft:sleep_in_bed":3,"minecraft:climb_one_cm":12818,"minecraft:time_since_rest":4383,"minecraft:sprint_one_cm":199493,"minecraft:damage_absorbed":143,"minecraft:damage_taken":3399,"minecraft:walk_one_cm":169527,"minecraft:damage_blocked_by_shield":170,"minecraft:drop":15,"minecraft:damage_dealt":4978,"minecraft:swim_one_cm":6803,"minecraft:talked_to_villager":1,"minecraft:fly_one_cm":35214,"minecraft:open_chest":24,"minecraft:crouch_one_cm":6784,"minecraft:play_time":87382,"minecraft:deaths":10,"minecraft:sneak_time":4739,"minecraft:walk_under_water_one_cm":1238,"minecraft:aviate_one_cm":11,"minecraft:jump":671,"minecraft:walk_on_water_one_cm":4614,"minecraft:total_world_time":87382,"minecraft:fall_one_cm":20342},"minecraft:crafted":{"ars_nouveau:archwood_planks":36,"minecraft:crafting_table":2,"minecraft:wooden_pickaxe":1,"minecraft:iron_helmet":1,"minecraft:bread":27,"minecraft:stick":8,"minecraft:wooden_axe":1,"minecraft:iron_leggings":1,"minecraft:torch":24,"minecraft:wheat":81},"minecraft:killed_by":{"minecraft:husk":1,"minecraft:player":1,"minecraft:zombie":1,"minecraft:iron_golem":4,"undead_unleashed:shadewraith":1,"undead_unleashed:frenzied_knight":1},"minecraft:dropped":{"minecraft:glass_bottle":2,"minecraft:iron_helmet":1,"minecraft:lantern":5,"minecraft:cracked_stone_bricks":1,"minecraft:spruce_fence":1,"minecraft:leather_chestplate":2,"minecraft:allium":1,"minecraft:oak_sapling":1,"alexsmobs:tendon_whip":1,"minecraft:chainmail_leggings":1,"minecraft:smooth_basalt":5},"minecraft:mined":{"minecraft:dark_prismarine_stairs":4,"minecraft:light_gray_stained_glass_pane":1,"minecraft:mossy_cobblestone":2,"minecraft:crafting_table":1,"minecraft:torch":1,"minecraft:spruce_fence":1,"minecraft:grass_block":1,"minecraft:white_stained_glass_pane":1,"minecraft:polished_andesite_slab":3,"minecraft:cobblestone":1,"minecraft:oak_planks":4,"ars_elemental:yellow_archwood_log":9,"minecraft:spawner":1,"minecraft:hay_block":19,"minecraft:grass":1,"minecraft:lantern":1,"minecraft:cracked_stone_bricks":1,"minecraft:smooth_basalt":5,"quark:permafrost":2,"minecraft:polished_andesite":2,"minecraft:stone":23,"minecraft:oak_leaves":8,"minecraft:spruce_slab":1},"minecraft:broken":{"majruszsdifficulty:tattered_boots":1}},"DataVersion":3120}